subject,ch_0,ch_1,ch_2,ch_3,ch_4,ch_5,ch_6,ch_7,ch_8,ch_9,ch_10,ch_11,ch_12,ch_13,ch_14,ch_15,ch_16,ch_17,ch_18,ch_19,ch_20,ch_21,ch_22,ch_23,ch_24,ch_25,ch_26,ch_27,ch_28,ch_29,ch_30,ch_31,ch_32,ch_33,ch_34,ch_35,ch_36,ch_37,ch_38,ch_39,ch_40,ch_41,ch_42,ch_43,ch_44,ch_45,ch_46,ch_47,ch_48,ch_49,ch_50,ch_51,ch_52,ch_53,ch_54,ch_55,ch_56,ch_57,ch_58,ch_59,ch_60,ch_61,ch_62,ch_63
S1,-0.00031463385676033795,-0.0030743652023375034,0.0017132037319242954,-0.00012012064689770341,-0.002873397432267666,0.002064934466034174,0.001813257928006351,0.0035791462287306786,0.0013411861145868897,-0.0031384199392050505,0.0008283478091470897,-0.0017179709393531084,-0.0032670802902430296,0.0029722487088292837,-0.0014695381978526711,0.0013663858408108354,-0.00012253642489667982,-0.0014140116982161999,0.00010066926188301295,-0.0012679171049967408,3.9516089600510895e-05,-0.002035818062722683,-0.002049287548288703,-0.0007205611327663064,-0.00022224664280656725,-0.0009320652461610734,3.5009383282158524e-05,0.0005654948763549328,0.003026984864845872,-0.0001508587592979893,0.0014494126662611961,0.0019481283379718661,-0.002106313593685627,-0.000839055166579783,-0.001154032303020358,-6.041467349859886e-05,-0.00013101279910188168,-0.00018131971592083573,0.0011696338187903166,-0.0005419438821263611,0.0025137830525636673,0.0008922511478886008,0.0055193002335727215,0.00354950362816453,0.0003114247228950262,0.0021277701016515493,-0.0005291658453643322,0.0010168093722313643,0.001106654410250485,0.003267018822953105,-0.0007060307543724775,0.004903963301330805,-0.0003621041832957417,-0.002215930260717869,0.006008486729115248,-0.0013405501376837492,-0.000669361324980855,-0.00011303841893095523,0.0007459145854227245,0.00242439447902143,-0.0001826173102017492,-0.002161191077902913,-0.0016833740519359708,-0.0007019859622232616
S10,0.0009971654508262873,-0.0013784551993012428,1.4914274288457818e-05,0.0019638461526483297,0.00427584582939744,0.0014414131874218583,0.0041596852242946625,-0.0019506883108988404,-0.0014447701396420598,-0.0022029185201972723,0.003042350523173809,0.0005951476050540805,0.0010522514348849654,0.0030639381147921085,-0.0021967487409710884,-0.005869782995432615,-0.0013348525390028954,-0.001468747272156179,0.0017088896129280329,-0.00021978259610477835,-0.0007926857215352356,-0.0032834880985319614,0.0011373836314305663,-0.001720129861496389,0.002970264060422778,0.00017224550538230687,7.371306310233194e-06,-0.0007805222412571311,0.0020498859230428934,0.0005744749214500189,0.0022919445764273405,0.0011728513054549694,-0.006514272186905146,-0.0009358793613500893,-0.00029564977739937603,0.002611722331494093,0.00183588033542037,-0.001200300408527255,0.0028025878127664328,0.0012469071662053466,0.0024635405279695988,0.0068517886102199554,0.009025675244629383,0.001510227331891656,0.0031211869791150093,-0.004117227625101805,-0.004364452790468931,0.0003203570959158242,-0.0005886399885639548,-6.640553692704998e-06,0.005269755143672228,0.002653720322996378,-0.0025053489953279495,0.002463881392031908,-0.0033691436983644962,-0.0030649499967694283,-0.0005730581469833851,-0.002484487369656563,0.0006919920560903847,0.0002143728779628873,-0.001073456951417029,-0.0005151671357452869,0.0004718661366496235,0.0004172551562078297
S11,-6.804168515373021e-05,-0.0017611432122066617,-0.001054431195370853,-0.0011156201362609863,-0.0004657047975342721,-0.000995677663013339,-0.002559572458267212,0.0014147823676466942,-0.003505508881062269,-0.002366285305470228,0.00020280182070564479,-0.0005031549953855574,-0.00142096693161875,-0.003179140156134963,0.00537418108433485,0.005004456266760826,0.00026959122624248266,-0.0005797576741315424,-0.0007541471859440207,0.00011658012954285368,-0.0005687421653419733,0.0018980908207595348,-0.000489589583594352,-0.005488524213433266,0.001262147445231676,-0.0008096277597360313,-0.0003612744912970811,-0.0007755780243314803,-0.0012000447604805231,-3.689110235427506e-05,0.0005958652473054826,-0.00010777294664876536,0.0005818915087729692,0.00023247241915669292,0.0001352590334136039,0.00026926398277282715,-0.0004044478992000222,0.0014095497317612171,4.839241591980681e-05,-0.0006300336099229753,-0.0006179714109748602,-0.0005170399090275168,0.0025099103804677725,-0.002820792840793729,0.0002199727314291522,-0.00014854848268441856,0.0026362473145127296,-0.00025728167383931577,-0.00012715638149529696,-0.0014318061294034123,-0.0003090250538662076,-0.003941576462239027,0.0010694086086004972,-0.0007216871017590165,-0.0017801225185394287,-0.000887228874489665,5.742490247939713e-05,-0.0008585965842939913,0.00037053049891255796,0.00043978093890473247,0.0002315604651812464,0.00045887648593634367,-0.0002849489392247051,-0.0007457953761331737
S12,-0.002788204001262784,-0.00024841667618602514,-0.002109103137627244,-0.0017631835071370006,-0.0025129299610853195,-0.0016414528945460916,0.001086964039131999,-0.0027417039964348078,0.00020702899200841784,-0.00027117968420498073,-0.0007004397921264172,-0.003502086503431201,-0.0011141604045405984,8.36652543512173e-05,-0.004939586389809847,-0.0029770617838948965,-0.0014809006825089455,-0.0013623243430629373,-0.001888897968456149,-0.0007115441840142012,0.0015113097615540028,0.0035081887617707253,-1.4379024833033327e-05,-0.0022291308268904686,0.0010390430688858032,0.00033699869527481496,0.0010308724595233798,6.880045111756772e-05,-0.0020101850386708975,-9.962141484720632e-05,6.711125024594367e-05,0.0015140366740524769,0.0021718495991081,0.0007195007638074458,-0.0028655999340116978,-0.0006943929474800825,-0.001988310134038329,-0.0002778393100015819,0.0006449365755543113,0.0009755647042766213,0.0011257326696068048,-0.0033480387646704912,-0.005174466408789158,0.00035501777892932296,-9.699106158223003e-05,0.0024105978664010763,-0.0014864510158076882,0.000663511164020747,0.0018324345583096147,0.002198342699557543,-0.005688616074621677,-0.004697731696069241,0.0029664027970284224,0.000345557346008718,-0.0019036203157156706,0.003734526690095663,-0.0003141933702863753,-0.0004432451678439975,-0.0020964103750884533,0.000461691030068323,0.0007677632384002209,-0.00012388288450893015,0.0001224219740834087,2.1255016235954827e-06
S13,0.000843948102556169,-0.0009903317550197244,0.0005882733967155218,-0.001319513889029622,0.0005257475422695279,-0.0002605259360279888,-0.0011180669534951448,-0.0030290354043245316,-0.0019566321279853582,0.005453246645629406,0.003022989723831415,-0.0003860896686092019,0.000574784295167774,-0.0026305955834686756,0.002039314014837146,0.0041037751361727715,-0.0032899482175707817,0.0008873838232830167,0.00026962338597513735,-0.0011165940668433905,0.0011672996915876865,0.0032960576936602592,0.0029553950298577547,0.0024212950374931097,0.0011827712878584862,0.00034157634945586324,-0.000819060776848346,0.0007613670895807445,0.0040265824645757675,-0.0003972291888203472,0.0006938368314877152,0.002010094467550516,0.0008068513707257807,0.002408466301858425,8.341610373463482e-05,0.0010274648666381836,-0.0008378583006560802,-0.0016434186836704612,0.0011163854505866766,0.0009282958344556391,0.00032904386171139777,-0.002212802181020379,-0.003382568247616291,-0.003024355275556445,0.006780640687793493,-0.0003465414047241211,-0.002128968248143792,0.0008720398182049394,0.00034653901821002364,0.005646014120429754,-0.0032125806901603937,0.005530685652047396,0.003406064584851265,0.0014737045858055353,0.0045927767641842365,0.0008444827981293201,-1.5503168469876982e-05,-0.0005756503087468445,0.0011170172365382314,-0.0014166635228320956,0.0036566013004630804,-0.001981273991987109,0.002271828008815646,0.0020439105574041605
S14,0.0029565589502453804,0.00042689801193773746,-0.0033358896616846323,-0.0007057487964630127,-0.002933657728135586,-0.002726058941334486,0.002046330599114299,0.003557400079444051,0.0003711181925609708,-0.0027402853593230247,-0.0018366426229476929,-0.0016688704490661621,0.0020736318547278643,0.005852857138961554,-0.0008344882517121732,-0.006023453548550606,-0.0005900454707443714,0.0011575216194614768,0.0010779607109725475,0.0007886558887548745,-0.0020988339092582464,-0.0031008929945528507,0.005418635439127684,0.012576630339026451,-0.0018604868091642857,-0.0012396197998896241,-0.00024454950471408665,0.004554178100079298,-0.0011103218421339989,-0.0010400712490081787,0.0011292642448097467,-0.0002840483211912215,0.0014563709264621139,0.001138495746999979,0.00032873093732632697,-0.000665709376335144,0.0009446018957532942,0.0028212559409439564,-0.004042265471071005,-0.0020505362190306187,-0.00013566791312769055,-0.004257610067725182,-0.001588923390954733,0.0002642381296027452,-0.0016033351421356201,-0.002960184123367071,0.0002432960318401456,0.0002579677093308419,-0.0014986026799306273,-0.0011271744733676314,-0.0012030631769448519,0.0033958768472075462,0.004855779465287924,0.0006969064706936479,0.0004038733313791454,0.0004088199057150632,0.0004168868181295693,-2.670943649718538e-05,-0.0010522634256631136,-0.00036412893678061664,0.000751370214857161,-0.003118528053164482,-0.0002947300672531128,0.00046580671914853156
S15,-0.002984135178849101,-0.004755708388984203,0.00010134815966011956,-0.0003676736378110945,0.0012940597953274846,0.0009391623898409307,-3.397285763639957e-05,0.003974628634750843,0.004507663194090128,-0.00034477352164685726,0.0002602302993182093,-0.0010431575356051326,-0.0010982597013935447,0.006472001783549786,0.009251199662685394,-0.0013675808440893888,0.0006144970539025962,-0.0023730932734906673,-0.0036159134469926357,-0.0004963952233083546,-0.002674170769751072,-0.0023932326585054398,-0.001899378257803619,0.002983574289828539,-0.001696938881650567,-0.0025746857281774282,-0.001164728426374495,0.003033384680747986,0.0005032855551689863,-0.00018587947124615312,-8.738517499295995e-05,0.0011587851913645864,-0.0038785766810178757,3.250181543990038e-05,0.00012576818699017167,0.00203291536308825,0.0023587399628013372,-0.0007491064025089145,0.0019000077154487371,0.0028280008118599653,0.0007892328430898488,0.005070850253105164,0.004322742111980915,0.0024012578651309013,0.00010922789806500077,0.0005317074246704578,-0.000821452122181654,0.000479087233543396,-0.0012111300602555275,0.0014473730698227882,0.003715169383212924,0.0056291613727808,-0.003102520713582635,0.00047694743261672556,0.002201646566390991,-0.0015791482292115688,-0.0015355980722233653,0.0004513603344094008,0.00040639162762090564,0.0018631273414939642,-0.002698125783354044,-0.0017625570762902498,-0.0015630531124770641,0.000458051566965878
S16,-0.0028076583985239267,-0.0006050813244655728,0.0026317143347114325,0.0020862894598394632,0.0033193081617355347,0.0022855056449770927,0.0016889912076294422,0.004870872013270855,0.0008001982932910323,-0.0025687699671834707,-0.002632932038977742,0.001311863074079156,0.0010197407100349665,0.0037701951805502176,0.0004765742924064398,-0.003859825199469924,0.003017043462023139,0.0009388726903125644,0.0012838328257203102,-7.603645644849166e-05,-0.0011629926739260554,-0.001835219911299646,-0.001322423224337399,-0.005160048604011536,0.002310105599462986,-0.0005593037349171937,0.0015850109048187733,-0.0018235546303912997,-2.4431943529634736e-05,0.0011423337273299694,0.002066933549940586,0.00027199863689020276,0.0015300947707146406,-0.00314131798222661,0.0012625730596482754,0.0016245150472968817,0.0007977003115229309,-0.00367155484855175,-0.0012803530553355813,0.0035920762456953526,0.00028666318394243717,0.0009344035643152893,-0.0008670705719850957,-0.0003409188939258456,-0.0005331438733264804,0.002294951118528843,-0.002708979183807969,0.0009854548843577504,0.0011569047346711159,-0.0014485502615571022,0.0024607109371572733,0.0023097991943359375,0.006321249064058065,0.003422406269237399,-0.0008876437204889953,0.0032388479448854923,0.001300157280638814,0.00037052930565550923,0.0009181589120998979,0.0006113207200542092,-4.673600415117107e-06,0.002589505398645997,0.00042149663204327226,-0.0006191355059854686
S17,-0.0008203476900234818,-0.004823202267289162,0.001251880545169115,0.0009768104646354914,0.0010692060459405184,-0.0006630808347836137,-0.0004345023771747947,0.004819280002266169,0.0018812483176589012,0.00025504291988909245,-0.0022490532137453556,-0.001277228002436459,-0.0006553041748702526,-0.0001564371632412076,0.005087460856884718,0.0035356003791093826,0.0014998072292655706,0.0010801255702972412,0.00034572480944916606,-0.00011535346857272089,0.0005786556284874678,0.00034638942452147603,-0.0004789161612279713,-0.0006459915894083679,-0.0009785896399989724,-0.0005599331925623119,-0.0006476354319602251,3.990173354395665e-05,3.499865488265641e-05,-0.00034146488178521395,-0.0005485904403030872,0.0001826143270591274,0.001772310701198876,-0.000701857206877321,0.00032873748568817973,-0.0007729745120741427,-0.0016481715720146894,5.0866601668531075e-06,-0.002252513077110052,-0.0013431984698399901,0.002309358213096857,0.004329304210841656,0.004052224103361368,0.0035522717516869307,-0.0007430529803968966,-0.0015610104892402887,-0.002464686054736376,-0.0008510398911312222,-0.0012456554686650634,0.0018479793798178434,-0.0005999564891681075,-0.007310034241527319,-0.011952590197324753,-0.0008587908814661205,0.0018924534088000655,-0.001279812422581017,-0.0007703453302383423,0.0008453917689621449,0.0006202954100444913,-0.0002751934516709298,-0.0009543400956317782,-0.0003107088850811124,-0.001681428519077599,-0.0019047785317525268
S18,-0.00022294461086858064,-0.0006565183284692466,0.00038592875353060663,-0.0010088169947266579,-0.0008238452719524503,0.0006062149768695235,-0.0023339558392763138,-0.003719648811966181,0.0005036258953623474,0.005850221496075392,0.0005790484137833118,0.0033840066753327847,-0.0034529762342572212,0.0005502671119756997,0.013214092701673508,0.011317312717437744,-0.0032884394749999046,-0.0010042655048891902,-0.0025907743256539106,-0.001574361347593367,-0.0028384430333971977,-0.0006696295458823442,-0.005123562645167112,-0.010238205082714558,0.0004655635275412351,0.00028706432203762233,-0.00034681856050156057,-0.002688932465389371,0.001325929188169539,-0.0020813632290810347,-0.0011555468663573265,-0.00045048235915601254,0.001603857846930623,-0.005795272067189217,-0.0017524772556498647,0.00047628581523895264,-0.00103128666523844,-0.0016427278751507401,0.0008851516176946461,0.0018732219468802214,0.003067802172154188,0.0024198717437684536,-0.0025626206770539284,0.004488547332584858,0.0031302934512495995,0.0017172390362247825,0.003653982887044549,-0.002942805178463459,-0.0004274713865015656,0.0007492309669032693,0.0014773630537092686,-0.008937470614910126,-0.009166416712105274,-0.0005241608596406877,-0.0005913102650083601,-0.000307585607515648,-0.0009199357009492815,-0.001102850423194468,0.0016417455626651645,-0.002924119122326374,-0.002880315762013197,-0.000456486945040524,-0.0009146374650299549,-0.0005782794905826449
S2,-0.0024967468343675137,-0.0013941472861915827,-0.002075677504763007,5.64897054573521e-05,0.002583067398518324,0.0021826517768204212,-0.002339157508686185,0.007650392130017281,0.002051155548542738,-0.0012769955210387707,-0.0008623373578302562,0.000315740704536438,0.003654589643701911,0.001263460493646562,0.0012136846780776978,-0.0044572376646101475,0.0017442875541746616,0.003843017155304551,-0.0010107314446941018,0.0010491817956790328,0.006822443101555109,0.0031178307253867388,0.0011114472290500998,0.0041017369367182255,0.0018456507241353393,-0.00040834129322320223,0.0009148567914962769,0.0031314194202423096,-0.001760894083417952,-2.352893352508545e-05,-0.0002528762852307409,-0.0015208512777462602,0.0018177080200985074,-0.0010961670195683837,0.000279909378150478,-0.0032953089103102684,-0.0002044743305305019,-0.0015719342045485973,-0.0027690345887094736,-0.0018610990373417735,-0.005173827987164259,-0.0007373869302682579,-0.001870468258857727,-0.0037152969744056463,-0.001891053281724453,-0.0009592336136847734,0.0005399411893449724,-0.0002907103335019201,-0.0006102568004280329,-0.002211266662925482,-0.004996854811906815,0.004234622698277235,0.0035824996884912252,3.58688848791644e-05,0.002180354669690132,0.0027686047833412886,2.6600360797601752e-05,0.001588379149325192,0.00018677055777516216,-0.00020169495837762952,0.0010794108966365457,0.00203129043802619,-0.001536988653242588,0.00015550553507637233
S3,0.0012284338008612394,-0.0006903219036757946,0.0014431977178901434,0.0011369603453204036,-0.001792897586710751,0.00010172009206144139,-0.0008582115406170487,-0.00884121935814619,-0.00504264933988452,-0.0006138789467513561,0.0019076651660725474,0.0014990913914516568,0.003190697403624654,-0.0059440541081130505,-0.01589154452085495,-0.00010923385707428679,-0.0030714457388967276,0.0003001856675837189,-0.001223617815412581,5.0826070946641266e-05,4.173576962784864e-05,0.0008253234555013478,0.0003170222043991089,0.008312884718179703,-0.0006254750769585371,-0.0012169784167781472,0.000789030222222209,-0.00026387153775431216,0.00024017631949391216,-0.0005507046007551253,0.00023923575645312667,-0.00140489696059376,-0.001145168556831777,0.0003075665154028684,0.0005682068876922131,0.0018909258069470525,0.00042507649050094187,0.000229902274440974,0.0012971198884770274,6.349444447550923e-05,-0.00018656432803254575,0.004269203171133995,0.013510051183402538,-0.0011231868993490934,0.0010262745199725032,-0.0013045460218563676,0.0022298216354101896,3.1650663004256785e-05,0.0015619671903550625,-0.00016445874643977731,0.006336640566587448,0.00941682979464531,0.003625627141445875,0.0020338487811386585,0.004267584066838026,0.0040910677053034306,0.00037854135734960437,-0.0006226712721399963,-0.0022914689034223557,0.00040698290104046464,-0.004672642331570387,0.0004669791378546506,0.001749177579768002,-0.0010618477826938033
S4,0.0016039812471717596,0.0018694918835535645,0.0008082645945250988,-0.0014775777235627174,0.0006972807459533215,0.0018706959672272205,0.0002487993333488703,-0.00010978162026731297,-0.0019883112981915474,0.0013723004376515746,-0.000822253234218806,-0.0004347938229329884,-0.0017729121027514338,0.00025986909167841077,0.0005011534667573869,0.004783604759722948,-0.0007930374122224748,-0.00387056777253747,-0.0016143465181812644,-0.00031223296537064016,-0.001518264994956553,0.003908184356987476,0.0057592676021158695,0.002728292951360345,0.0001272541267098859,-7.035017188172787e-05,-0.0019423526246100664,0.002090087626129389,-6.287932046689093e-05,0.0006719708326272666,0.0008827144047245383,0.0006864333408884704,-0.00126562116201967,-0.0018917215056717396,-0.0009817964164540172,-0.0009586423402652144,0.0007585549610666931,-0.0010674154618754983,0.00171019253320992,-0.0019861096516251564,0.0008272308041341603,0.003180363681167364,-0.0012140715261921287,-0.002390450332313776,-0.0003732884069904685,-0.00013848305388819426,-0.001014159875921905,0.0015345972497016191,0.0009302389807999134,0.0022900712210685015,-0.0035207115579396486,-0.005797107703983784,-0.0011597644770517945,0.0004801899194717407,0.0020718956366181374,0.0004507207777351141,0.001513079390861094,0.0007406437653116882,0.00014122128777671605,-0.0004757046699523926,0.005313816014677286,-0.001739653991535306,-0.0006629962008446455,-0.0002904653665609658
S5,-0.0019218778470531106,0.0002562958106864244,-0.0008977556135505438,0.00018497109704185277,-2.063751162495464e-05,0.0020382897928357124,0.0030470078345388174,0.003974467050284147,-0.003031308064237237,0.000789307348895818,-0.0008334237500093877,0.001109606004320085,0.0024822307750582695,-0.008857684209942818,-0.006953716743737459,-0.004451204091310501,-0.0030603862833231688,0.0018794643692672253,-0.0008671170216985047,-0.0009067034698091447,0.0019249403849244118,0.0027988480869680643,0.0029312479309737682,0.004706876818090677,0.0028879684396088123,0.0042143166065216064,-0.000946929445490241,0.0005840158555656672,0.0006799274706281722,0.004356794990599155,0.0007974910549819469,-0.0011062962003052235,-0.0018609171966090798,-0.0005625432822853327,-0.00022215367062017322,2.48956675932277e-05,0.00011797725892392918,0.002973302500322461,0.0007159668020904064,0.0010397720616310835,0.0009836703538894653,0.0013907033717259765,0.006661808118224144,0.0007820117752999067,-0.002015923149883747,0.0017721467884257436,0.001226810272783041,0.0025883729103952646,0.0016610557213425636,-0.000265370006673038,0.006087304558604956,0.0032314436975866556,-0.00015452265506610274,-0.0006553214625455439,0.0013734835665673018,0.0009320509270764887,-0.00021584451314993203,0.0005356312030926347,-0.0010749137727543712,-0.00043968798127025366,0.002204608405008912,-0.0005819422076456249,-0.0003703415277414024,-0.0009787357412278652
S6,-0.0025401718448847532,0.0020201539155095816,0.000783912546467036,-0.00015299260849133134,-0.001291064079850912,-0.0007825708598829806,-0.0016151880845427513,-5.811452865600586e-06,0.010776665061712265,-0.0006733304471708834,0.0010127401910722256,0.0019960803911089897,-0.0001857560855569318,0.010194500908255577,0.00286428933031857,0.002627694047987461,0.001886197947897017,-0.0030466283205896616,-0.0022514236625283957,-0.0015350925968959928,-0.003820328041911125,-0.003348094876855612,0.0015237772604450583,0.002818627981469035,-0.0028172070160508156,-0.0011503451969474554,-0.0015452784718945622,0.003377634333446622,-0.00011145889584440738,0.0004978376673534513,-0.0025929613038897514,0.0010037481551989913,0.0019784008618444204,-0.001511834911070764,-0.00020944773859810084,0.0012184774968773127,0.0015721154632046819,-0.0005154514219611883,0.001381323323585093,-0.0011678290320560336,0.0020510905887931585,-0.0034047728404402733,0.0076269484125077724,-0.0028407287318259478,6.891548400744796e-05,-0.0008054780773818493,0.0015184449730440974,-0.00016164839325938374,-0.0008778178598731756,-0.003952413331717253,-0.0010878288885578513,0.010347721166908741,0.00209044455550611,-0.0009839225094765425,-0.003862017998471856,0.0005928814643993974,-0.0014200311852619052,0.0001930177240865305,-0.004392972216010094,-0.0005357677000574768,-0.003308249171823263,-0.0010824602795764804,-0.0008895510691218078,-0.00135794875677675
S7,0.0002715635346248746,6.87974679749459e-05,0.00010509550338611007,-0.002233789535239339,0.0009102976182475686,0.002342590130865574,0.001322433934547007,0.0034601264633238316,0.0005859493976458907,-0.002617477672174573,0.0023481405805796385,0.0006657969788648188,0.0021121609024703503,0.0015099627198651433,0.008598199114203453,0.0010142034152522683,0.0005853724433109164,-0.0011138350237160921,-0.0015430909115821123,-0.002156058559194207,-0.0009793180506676435,0.002709376160055399,1.7411708540748805e-05,-0.00428931787610054,0.00398633349686861,-0.000594747660215944,0.0016872036503627896,0.0008462494588457048,0.00208975188434124,0.0006568950484506786,0.0015521979657933116,0.00020990431949030608,4.401385740493424e-05,-0.00023265063646249473,0.0011135614477097988,0.0016770244110375643,-7.275879033841193e-05,-0.003985922783613205,-0.0002835297491401434,0.0008062523556873202,0.0024482274893671274,-0.001266275066882372,-0.0012870299397036433,0.0018359285313636065,-0.000829175696708262,-0.0004322856548242271,-0.0028000539168715477,0.0002024275017902255,-0.0002928829053416848,0.002258541528135538,-0.0019283926812931895,0.001181091065518558,0.0013376027345657349,0.0001890105049824342,0.004028880037367344,0.0017157227266579866,0.0006775885703973472,0.0024995089042931795,0.0006406146567314863,0.0010482126381248236,0.0004025232919957489,-0.0008625382324680686,0.0009674990433268249,0.0006130773108452559
S8,-0.0025380391161888838,0.0029907578136771917,0.002370501169934869,0.0017630457878112793,0.003344857133924961,0.0027594314888119698,0.004635291174054146,0.0055487388744950294,0.0013056420721113682,0.0035197895485907793,-0.0008061301778070629,0.0038949965965002775,0.002011239528656006,0.0009758591768331826,0.0025589175056666136,0.0027266007382422686,-0.0009051442029885948,0.0021164673380553722,0.0025675510987639427,-0.0034407598432153463,-0.0028864562045782804,0.0012218522606417537,0.0019011980621144176,-0.0013913661241531372,-0.003041752614080906,-0.001940911402925849,-0.002964620478451252,0.0015943694161251187,-0.0031251097097992897,0.00016928970580920577,-0.002517393324524164,0.00019683659775182605,0.003089668694883585,0.00040126085514202714,0.0015955984126776457,-0.0009847229812294245,-4.3001175072276965e-05,-0.0016003471100702882,-0.0027498966082930565,-0.00030180453904904425,-0.0033660931512713432,-0.0022733884397894144,-7.302403537323698e-05,-0.005964560899883509,0.0007302016019821167,0.0004219246038701385,-0.0038435424212366343,-0.0003571933484636247,0.0007979053189046681,-0.0008144205785356462,-0.004403275437653065,0.008802574127912521,0.005462212022393942,-0.0016770565416663885,-0.005207674577832222,0.0016565305413678288,-0.0002116560935974121,0.0008304202347062528,-0.000735074863769114,-0.00011353075387887657,0.0008019441156648099,0.001800923957489431,0.0013376260176301003,-0.0002597171114757657
S9,0.00013801694149151444,-0.0011949122417718172,-0.0006255137850530446,-0.0016663592541590333,0.001088993507437408,-0.0010702949948608875,-0.0037203317042440176,-0.005620216950774193,-0.0038944054394960403,0.007624005898833275,-0.00042576671694405377,0.0027747375424951315,0.00016939998022280633,-0.002282981760799885,0.01034166943281889,-0.0015309053706005216,0.00044946730486117303,0.0014555895468220115,0.0018340152455493808,0.0006100863101892173,0.00117392186075449,0.003912992309778929,0.0011803549714386463,-0.0034489650279283524,-0.002380076562985778,0.00035274564288556576,-0.0019547545816749334,0.0010610973695293069,0.002595056314021349,0.001978017156943679,0.0003941142640542239,0.0012885492760688066,-0.0032958376687020063,-0.0016001021722331643,-0.0026310093235224485,-0.0023128932807594538,-0.0013580286176875234,0.0021327913273125887,0.0022416787687689066,-0.002186680445447564,0.0015702652744948864,-0.002812362974509597,0.004458150360733271,0.00513373501598835,0.0008138394332490861,-0.001384191564284265,0.0008789736311882734,0.0013435655273497105,-0.00031366944313049316,5.709290417144075e-05,0.00425697211176157,0.0037896030116826296,-0.0013995904009789228,-0.001585453748703003,0.0015115314163267612,0.0009085536003112793,-0.0016277373069897294,0.0004839515604544431,0.0019076794851571321,0.0011117011308670044,0.0015269666910171509,0.0003005421021953225,0.0002179259026888758,0.0014997768448665738
