subject,seed,best_epoch,n_epochs_run,test_loss,test_acc,train_wall_seconds
0,42,79,90,1.6564629839526281,0.8090277777777778,459.81897950172424
1,42,57,68,0.29748526960611343,0.9756944444444444,348.4295163154602
2,42,77,88,0.7282040119171143,0.9409722222222222,448.71155738830566
3,42,50,61,0.9187685996294022,0.90625,313.1229040622711
4,42,63,74,1.6009196208582983,0.8506944444444444,380.9890878200531
5,42,90,101,1.4461867842409346,0.7881944444444444,518.1139922142029
6,42,88,99,0.4495921051129699,0.9652777777777778,502.5458116531372
7,42,47,58,0.7607350664006339,0.9097222222222222,296.4232244491577
8,42,45,56,1.5568216376834445,0.7847222222222222,286.67000007629395
9,42,42,53,0.9052206757995818,0.90625,266.0323324203491
10,42,33,44,0.9341980802516142,0.8923611111111112,224.14148688316345
11,42,17,28,0.4007186045249303,0.9756944444444444,143.53323459625244
12,42,43,54,1.1416817506154378,0.8576388888888888,275.83254170417786
13,42,15,26,1.1344126595391169,0.8298611111111112,133.7115695476532
14,42,85,96,0.5181984057029089,0.9513888888888888,491.79008078575134
15,42,40,51,1.3662070499526129,0.8298611111111112,260.8243730068207
16,42,59,70,1.389178308347861,0.8541666666666666,359.0170488357544
17,42,49,60,1.281501103606489,0.8368055555555556,306.24045753479004
