rank,channel_index,electrode_name,roi,occlusion_delta_p,occlusion_ci_low,occlusion_ci_high,occ_p_value,occ_fdr_p_value,permutation_delta_p,permutation_ci_low,permutation_ci_high,perm_p_value,perm_fdr_p_value,ig_rank,contribution_type,subject_stability,robust_significant,best_frequency_band,delta_score,theta_score,alpha_score,beta_score,frequency_contribution_type,interpretation_note
1,14,C4,Central,0.001764056686265969,0.0012612933011518584,0.0022486509654073067,0.0001999600079984003,0.0006094019291379819,0.003678317724922557,0.0030055969053028545,0.004315533265287493,0.0001999600079984003,0.0006094019291379819,2,facilitatory,12/18,True,theta,0.00018538860604166985,0.0004479300987441093,0.00041629577754065394,0.00035274052061140537,broadband_facilitatory,Removing this channel reduces P(attended); significant by both methods; best band theta supports decoding
2,42,FC4,Fronto-Central,0.0017425237209708602,0.0013864024658629924,0.002088530069332064,0.0001999600079984003,0.0006094019291379819,0.0024700089737221048,0.0019315594601226442,0.0030378209380088027,0.0001999600079984003,0.0006094019291379819,3,facilitatory,14/18,True,delta,0.0006651538424193859,5.531019269255921e-05,0.0001805537467589602,1.4659402040706482e-05,broadband_facilitatory,Removing this channel reduces P(attended); significant by both methods; best band delta supports decoding
3,13,Cz,Central,0.001457234952184889,0.0010618459930942386,0.0018274299317487962,0.0001999600079984003,0.0006094019291379819,0.002639749903737763,0.0021198237131775165,0.0031536261359298664,0.0001999600079984003,0.0006094019291379819,9,facilitatory,12/18,True,beta,0.00031693646451458335,0.00021250583813525736,0.0001853374851634726,0.000503832648973912,broadband_facilitatory,Removing this channel reduces P(attended); significant by both methods; best band beta supports decoding
4,51,CP4,Centro-Parietal,0.0012366245006337577,0.0008146994274891458,0.0017114929554087142,0.0001999600079984003,0.0006094019291379819,0.0028693919086161955,0.0022728945889774663,0.0035514659096061445,0.0001999600079984003,0.0006094019291379819,1,facilitatory,13/18,True,beta,0.00012872797378804535,6.799158290959895e-05,0.00023631507065147161,0.00029332711710594594,broadband_facilitatory,Removing this channel reduces P(attended); significant by both methods; best band beta supports decoding
5,43,FT8,Temporal,0.001255446907914715,0.0009576391032264556,0.0015284092682011328,0.0001999600079984003,0.0006094019291379819,0.0018846559119813236,0.0014791467768358595,0.002286679811775684,0.0001999600079984003,0.0006094019291379819,8,facilitatory,13/18,True,delta,0.0010410120012238622,5.697067081200657e-06,0.00014902649854775518,-0.00011153690866194665,broadband_facilitatory,Removing this channel reduces P(attended); significant by both methods; best band delta supports decoding
6,8,FC1,Fronto-Central,0.0010583798789683683,0.0007261581238773136,0.0013798988711686783,0.0001999600079984003,0.0006094019291379819,0.002094020523406841,0.0016481675574624981,0.0025304658059720642,0.0001999600079984003,0.0006094019291379819,14,facilitatory,11/18,True,delta,0.0004802321782335639,2.457095069985371e-05,0.0002327339752810076,0.0002201142197009176,broadband_facilitatory,Removing this channel reduces P(attended); significant by both methods; best band delta supports decoding
7,7,FC5,Fronto-Central,0.0007611136009663712,0.00040559390316038957,0.0011107212811892406,0.0001999600079984003,0.0006094019291379819,0.0014275882089579547,0.0009052660046720211,0.0019122773293911673,0.0001999600079984003,0.0006094019291379819,13,facilitatory,10/18,True,delta,0.00028672610642388463,0.0002370085276197642,0.00016003639029804617,-4.6385201130760834e-05,broadband_facilitatory,Removing this channel reduces P(attended); significant by both methods; best band delta supports decoding
8,15,T8,Temporal,0.0006866867380377687,0.00040574815391022483,0.0009619956809429473,0.0001999600079984003,0.0006094019291379819,0.001456816965415154,0.0010537431421287268,0.0018525238933938522,0.0001999600079984003,0.0006094019291379819,6,facilitatory,13/18,True,delta,0.0003183106309734285,7.534613541793078e-05,0.00010645295697031543,-0.00017147827020380646,broadband_facilitatory,Removing this channel reduces P(attended); significant by both methods; best band delta supports decoding
9,60,PO4,Parieto-Occipital,0.0007587172734884568,0.00047268246748933087,0.001026756799975295,0.0001999600079984003,0.0006094019291379819,0.0012384876866399505,0.0008533737485607467,0.0016157329958162187,0.0001999600079984003,0.0006094019291379819,10,facilitatory,12/18,True,theta,0.00022637020447291434,0.0006789840408600867,-0.00013199080422054976,6.040010703145526e-06,broadband_facilitatory,Removing this channel reduces P(attended); significant by both methods; best band theta supports decoding
10,40,FT7,Temporal,0.0007988649128395834,0.000617727228152899,0.0009811213013750535,0.0001999600079984003,0.0006094019291379819,0.0010420895910557405,0.0007730460037235861,0.00132037825146575,0.0001999600079984003,0.0006094019291379819,16,facilitatory,13/18,True,delta,0.00039054517401382327,2.0594185116351582e-05,3.45361877407413e-05,1.0748383829195518e-05,broadband_facilitatory,Removing this channel reduces P(attended); significant by both methods; best band delta supports decoding
11,41,FC3,Fronto-Central,0.000690428364424058,0.0004410341970714523,0.0009467541799869065,0.0001999600079984003,0.0006094019291379819,0.001112836628784368,0.0007610421030793661,0.0014872414060396913,0.0001999600079984003,0.0006094019291379819,11,facilitatory,11/18,True,delta,0.00029271841049194336,0.00011254323180764914,4.03149206249509e-05,-5.4097592510515824e-05,broadband_facilitatory,Removing this channel reduces P(attended); significant by both methods; best band delta supports decoding
12,50,CPz,Centro-Parietal,0.0005173986046402543,0.0002119809948367837,0.0008409301929267834,0.002599480103979204,0.005736783677747209,0.001309810111552109,0.0008400171492938644,0.0017743259602122825,0.0001999600079984003,0.0006094019291379819,5,facilitatory,9/18,True,delta,0.0002806281263474375,-9.458705108045251e-07,3.5204822779633105e-05,0.00010804894554894418,broadband_facilitatory,Removing this channel reduces P(attended); significant by both methods; best band delta supports decoding
13,54,P1,Parietal,0.0006270686233485187,0.00042182552888069626,0.0008353413596381375,0.0001999600079984003,0.0006094019291379819,0.0007555734117825826,0.00044358116305536697,0.0010545141648179216,0.0001999600079984003,0.0006094019291379819,20,facilitatory,14/18,True,delta,0.00031466365908272564,-1.583734410814941e-05,0.00011082247510785237,0.00020614212553482503,broadband_facilitatory,Removing this channel reduces P(attended); significant by both methods; best band delta supports decoding
14,44,C5,Central,0.0005821571857840927,0.00044771731966807525,0.0007285869486721944,0.0001999600079984003,0.0006094019291379819,0.0007143315304944545,0.0005196151820781791,0.0009139120355248451,0.0001999600079984003,0.0006094019291379819,33,facilitatory,10/18,True,delta,0.000249099190114066,-0.00011209060903638601,1.156600865215296e-05,7.398086017929018e-05,broadband_facilitatory,Removing this channel reduces P(attended); significant by both methods; best band delta supports decoding
15,21,TP10,Temporal,0.00054950565835576,0.0003440173759504601,0.0007543357638297257,0.0001999600079984003,0.0006094019291379819,0.0006503740946451823,0.0003682195802713618,0.0009400078541150796,0.0001999600079984003,0.0006094019291379819,45,facilitatory,13/18,True,delta,0.00019446422811597586,-5.0333619583398104e-05,0.00019319780403748155,0.00010350328375352547,broadband_facilitatory,Removing this channel reduces P(attended); significant by both methods; best band delta supports decoding
16,49,CP3,Centro-Parietal,0.00041251755055086113,0.0001922115791175102,0.0006358629274699423,0.0001999600079984003,0.0006094019291379819,0.0008246753171638206,0.0005113633562017372,0.0011597265033626261,0.0001999600079984003,0.0006094019291379819,15,facilitatory,12/18,True,beta,0.00010661039414117113,-0.00012876177788712084,6.886470509925857e-05,0.00028270293842069805,broadband_facilitatory,Removing this channel reduces P(attended); significant by both methods; best band beta supports decoding
17,23,P3,Parietal,0.0002854699963404809,-0.0001093033337850629,0.0006809935762926381,0.14357128574285144,0.18016788799102926,0.0009516072346840375,0.00038286277973725494,0.0014827333563639789,0.0009998000399920016,0.002369896391092152,7,facilitatory,10/18,True,theta,0.00019877924933098257,0.0004854974686168134,8.566214819438756e-05,-0.0004687503387685865,broadband_facilitatory,Removing this channel reduces P(attended); significant by permutation only; best band theta supports decoding
18,6,F8,Frontal,0.00037679747298911766,0.00021732539223668019,0.0005461711382240425,0.0003999200159968006,0.0010664533759914684,0.0006211170112645184,0.0003807843559318119,0.0008621133115188573,0.0001999600079984003,0.0006094019291379819,17,facilitatory,11/18,True,delta,0.0003749883908312768,0.0001488733832957223,-6.62764296066598e-06,-2.260755172756035e-05,band_selective,Removing this channel reduces P(attended); significant by both methods; best band delta supports decoding
19,5,F4,Frontal,0.0002996262208915051,0.00014424897656764511,0.0004592710951412163,0.0001999600079984003,0.0006094019291379819,0.0006795620256000095,0.0004246640297365778,0.0009170669307127408,0.0001999600079984003,0.0006094019291379819,23,facilitatory,11/18,True,delta,0.00038647648761980236,-0.00011852230090880767,0.00010230236512143165,-5.410637186287204e-06,band_selective,Removing this channel reduces P(attended); significant by both methods; best band delta supports decoding
20,22,P7,Parietal,0.00032711069892953944,0.00015304774450667112,0.0004960938560557954,0.0001999600079984003,0.0006094019291379819,0.0003841331159626996,0.00013195690172322004,0.0006272747280237115,0.002599480103979204,0.005736783677747209,18,facilitatory,11/18,True,delta,0.0003256101917941123,5.159922693565022e-06,-2.1758380626124563e-06,-0.00014592264778912067,band_selective,Removing this channel reduces P(attended); significant by both methods; best band delta supports decoding
21,27,PO9,Parieto-Occipital,0.0002576009653232716,4.316626489162446e-05,0.00046938000398653526,0.016796640671865627,0.028289079026300002,0.0004614181945353378,0.00017305843145759022,0.0007661676610141619,0.0027994401119776045,0.005972138905552223,24,facilitatory,11/18,True,theta,-0.00019977321790065616,0.0005353594897314906,9.8695199994836e-05,-7.64791839173995e-05,band_selective,Removing this channel reduces P(attended); significant by both methods; best band theta supports decoding
22,9,FC2,Fronto-Central,0.00024935784531228335,1.3819025806438794e-05,0.00048256493782923544,0.030393921215756847,0.046314546614486626,0.0004460492325417789,9.462667707307843e-05,0.0007930671088857412,0.015796840631873626,0.029735229424703295,12,facilitatory,11/18,True,delta,0.0003722876717802137,-0.00025429113884456456,4.0228238503914326e-05,4.4246960896998644e-05,broadband_facilitatory,Removing this channel reduces P(attended); significant by both methods; best band delta supports decoding
23,39,F6,Frontal,0.0002440768149163988,0.00011700332523496063,0.0003698434365200407,0.0003999200159968006,0.0010664533759914684,0.0004338769265163092,0.00024174464898712842,0.0006114753064366031,0.0001999600079984003,0.0006094019291379819,41,facilitatory,12/18,True,delta,0.00011843110405607149,-4.1466944821877405e-05,8.243885531555861e-06,0.00010271523933624849,broadband_facilitatory,Removing this channel reduces P(attended); significant by both methods; best band delta supports decoding
24,26,P8,Parietal,-0.0003449720953717644,-0.0004644518908527162,-0.00020991823969431867,0.0001999600079984003,0.0006094019291379819,-0.0002138464171209453,-0.00038798846626355324,-2.8722290179611833e-05,0.022595480903819236,0.039084075076876515,46,suppressive,9/18,True,delta,-0.00021725591795984656,3.917793947039172e-05,-0.00013736401160713285,-4.289585558581166e-05,band_selective,Removing this channel increases P(attended); significant by both methods; best band delta may be suppressive/noisy
25,4,Fz,Frontal,0.00019665413800581003,2.4886279562373266e-05,0.00035577391851463434,0.015396920615876825,0.026632511335570725,0.0004273380578300099,0.00018949290420170194,0.0006596526925762492,0.0003999200159968006,0.0010664533759914684,28,facilitatory,11/18,True,delta,0.00023345505178440362,-4.55449044238776e-05,2.2032871129340492e-05,-3.146643939544447e-05,band_selective,Removing this channel reduces P(attended); significant by both methods; best band delta supports decoding
26,34,AF4,Frontal,-0.0002694320347574022,-0.0003897375411089556,-0.0001485552945070797,0.0001999600079984003,0.0006094019291379819,-0.0002752752878047802,-0.00043891611318161455,-0.00011215033556944062,0.0007998400319936012,0.001968837001830403,52,suppressive,13/18,True,delta,-0.0002073975483654067,-2.4182731067412533e-05,1.8946591808344238e-05,2.2691669073537923e-05,band_selective,Removing this channel increases P(attended); significant by both methods; best band delta may be suppressive/noisy
27,58,PO3,Parieto-Occipital,0.00021746205694881486,8.389933894813797e-05,0.0003513585847836954,0.0027994401119776045,0.005972138905552223,0.00035643185362403776,0.00015448044865955542,0.0005549758061030763,0.0007998400319936012,0.001968837001830403,34,facilitatory,13/18,True,beta,5.792718002339825e-05,7.900020864326507e-05,1.9617713405750692e-05,9.63329803198576e-05,broadband_facilitatory,Removing this channel reduces P(attended); significant by both methods; best band beta supports decoding
28,20,CP6,Centro-Parietal,-0.00031819729525365946,-0.000491819712942765,-0.0001372053145810412,0.0013997200559888023,0.0033178549475290126,-0.0001640412947277964,-0.00040343792368600397,8.723285601094914e-05,0.1841631673665267,0.23110671983250408,40,suppressive,12/18,True,delta,-0.00023133096692617983,-3.7511985283344984e-05,-7.072186417644843e-05,2.8569425012392458e-06,band_selective,Removing this channel increases P(attended); significant by occlusion only; best band delta may be suppressive/noisy
29,30,O2,Occipital,0.00022944091278829693,0.00011348328408267763,0.0003430911987835975,0.0001999600079984003,0.0006094019291379819,0.0003287001708407461,0.0001746146404816781,0.00048211627968667463,0.0003999200159968006,0.0010664533759914684,48,facilitatory,15/18,True,delta,0.00035921356175094843,1.2472018170228694e-05,-6.900422158651054e-05,-6.066486093914136e-05,band_selective,Removing this channel reduces P(attended); significant by both methods; best band delta supports decoding
30,28,O1,Occipital,0.00021664303761941415,9.469120829929542e-05,0.0003387315106796629,0.0003999200159968006,0.0010664533759914684,0.0003143462575512168,0.0001370684200046976,0.0004943049469111878,0.0013997200559888023,0.003199360127974405,37,facilitatory,12/18,True,delta,0.00018235176685266197,-0.00010010355617851019,4.62092793895863e-05,2.2898968381923623e-05,broadband_facilitatory,Removing this channel reduces P(attended); significant by both methods; best band delta supports decoding
31,32,AF7,Frontal,0.00016371969087624255,-3.399014160220998e-05,0.00036421668842250905,0.11037792441511697,0.14128374325134974,0.0004031610047375714,0.00011264824996024011,0.0007075472964364804,0.008198360327934412,0.016925647128638786,21,facilitatory,10/18,True,theta,8.269776117231231e-06,-5.0826285587390885e-05,6.3609563767386135e-06,-2.804402129186201e-06,band_selective,Removing this channel reduces P(attended); significant by permutation only; best band theta may be suppressive/noisy
32,24,Pz,Parietal,0.0001665461799244822,3.709105034301313e-05,0.00030200293034683023,0.01279744051189762,0.023401034078898503,0.00035581033170959097,0.00018029054677412833,0.0005458477661013602,0.0001999600079984003,0.0006094019291379819,39,facilitatory,10/18,True,theta,8.915468788472936e-05,0.00011267165973549709,-0.00010810465755639598,-3.467676833679434e-06,band_selective,Removing this channel reduces P(attended); significant by both methods; best band theta supports decoding
33,48,TP7,Temporal,0.00016580288424903963,4.688827141567514e-05,0.00027912405869107187,0.005398920215956809,0.010797840431913617,0.000311741214475514,0.0001535842486737687,0.00047785098694356874,0.0003999200159968006,0.0010664533759914684,36,facilitatory,12/18,True,beta,8.090199844446033e-05,-2.032455086009577e-05,5.704721115762368e-05,9.096372377825901e-05,broadband_facilitatory,Removing this channel reduces P(attended); significant by both methods; best band beta supports decoding
34,25,P4,Parietal,-0.0002543285047566449,-0.00036535136558023495,-0.0001442188330822521,0.0001999600079984003,0.0006094019291379819,-0.00011739581087489187,-0.00027311746481760045,3.036324385507594e-05,0.14397120575884823,0.2003077645340497,60,suppressive,13/18,True,delta,-0.0002089463669108227,-4.6793931687716395e-05,4.13712177760317e-06,-2.1782334442832507e-06,band_selective,Removing this channel increases P(attended); significant by occlusion only; best band delta may be suppressive/noisy
35,19,CP2,Centro-Parietal,-0.00020187541290565773,-0.0003137165227054078,-8.512314951714177e-05,0.0007998400319936012,0.002047590481903619,-0.00017405527241436052,-0.0003347727956227314,-1.5279113878438506e-05,0.03259348130373925,0.052149570085982797,56,suppressive,13/18,True,delta,-0.00010214225039817393,7.252222076203907e-06,-9.481939196120948e-05,-2.8455015126382932e-05,band_selective,Removing this channel increases P(attended); significant by occlusion only; best band delta may be suppressive/noisy
36,0,Fp1,Frontal,-0.00021868537237614761,-0.00033877792393351776,-9.106251836558921e-05,0.0011997600479904018,0.0029532555027456044,-0.00012404979747018696,-0.00030531102179745095,5.735105616442946e-05,0.1829634073185363,0.23110671983250408,26,suppressive,9/18,True,theta,-7.599854143336415e-05,-9.246522677130997e-05,-7.603795529576018e-05,4.137842552154325e-06,band_selective,Removing this channel increases P(attended); significant by occlusion only; best band theta may be suppressive/noisy
37,33,AF3,Frontal,-0.00016337601490962653,-0.0002809286684165766,-4.470112165551129e-05,0.008398320335932814,0.015808602985285296,-0.00014838483966427086,-0.0003305045710301693,2.8794087653542626e-05,0.09998000399920016,0.14542546036247297,29,suppressive,10/18,True,delta,-0.0001531940361019224,-3.026162085006945e-05,2.1582327462965623e-05,-1.954024628503248e-05,band_selective,Removing this channel increases P(attended); significant by occlusion only; best band delta may be suppressive/noisy
38,59,POz,Parieto-Occipital,0.0001209663572134795,2.1092747004679695e-05,0.0002262114299300276,0.022195560887822437,0.0355128974205159,0.0001996298263102402,4.8324426291165535e-05,0.0003610552083930851,0.011397720455908818,0.022795440911817635,51,facilitatory,14/18,True,delta,0.00021221341739874333,-7.76258239056915e-05,1.511070422566263e-05,-2.4640339688630775e-06,band_selective,Removing this channel reduces P(attended); significant by both methods; best band delta supports decoding
39,16,TP9,Temporal,6.438656353656156e-05,-7.841624236769146e-05,0.00020794788150139796,0.377124575084983,0.44696245935997986,0.00026158259606655734,5.13525951975658e-05,0.000475618658978262,0.016396720655868825,0.029982574913588706,32,facilitatory,9/18,True,beta,-3.342948548379354e-05,2.106940337398555e-05,-3.0434941891144263e-06,0.0001345562923233956,band_selective,Removing this channel reduces P(attended); significant by permutation only; best band beta supports decoding
40,63,M2,Mastoid,-0.00012085877450895898,-0.0002003464306026329,-4.4001636773715856e-05,0.0023995200959808036,0.005484617362241837,-0.00013586457128877993,-0.0002499211557485439,-2.5094281284161647e-05,0.01999600079984003,0.035548445866382276,59,suppressive,12/18,True,delta,-0.0001204424406751059,1.6643460185150616e-05,-6.573303380719153e-06,-2.8032707632519305e-05,band_selective,Removing this channel increases P(attended); significant by both methods; best band delta may be suppressive/noisy
41,35,AF8,Frontal,0.00012808041808045942,1.6494290420302643e-05,0.00024276298652460546,0.026394721055788842,0.041201515794402094,0.00010419366536317048,-5.642661930602273e-05,0.0002627686343075316,0.21035792841431714,0.258902065740698,43,facilitatory,10/18,True,beta,5.10103018314112e-05,-5.018916635890491e-05,-1.0963833119603805e-05,0.00012474542018026114,band_selective,Removing this channel reduces P(attended); significant by occlusion only; best band beta supports decoding
42,18,CP1,Centro-Parietal,-0.00015229551512518046,-0.00027034831065454604,-2.331646329458852e-05,0.014997000599880024,0.026632511335570725,-5.4425939365669534e-05,-0.00023516138091131492,0.00012343217809627084,0.5430913817236552,0.5992732487985161,64,suppressive,9/18,True,alpha,-5.81683634663932e-05,-6.692634087812621e-06,-0.00012430059723556042,-1.6569598301430233e-05,broadband_suppressive,Removing this channel increases P(attended); significant by occlusion only; best band alpha may be suppressive/noisy
43,29,Oz,Occipital,8.920811944537692e-05,3.441319421485625e-06,0.00017373189799211637,0.05418916216756649,0.07882059951646035,0.00016970960446345952,4.7073374559849914e-05,0.00029954053259190216,0.01199760047990402,0.023268073657995676,62,facilitatory,11/18,True,delta,0.00011990947677986696,-4.968872235622257e-05,2.91354281216627e-05,2.251135629194323e-05,broadband_facilitatory,Removing this channel reduces P(attended); significant by permutation only; best band delta supports decoding
44,56,P6,Parietal,-0.00010887035617121944,-0.00018559715427734233,-3.0347770746843335e-05,0.007798440311937612,0.015124247877697188,-4.660328965128204e-05,-0.00015291762002456332,6.179207784158197e-05,0.39432113577284544,0.44768590141620795,63,suppressive,10/18,True,delta,-7.764222391415387e-05,-3.0499215426971205e-05,-4.024273948743939e-06,-2.1295834812917747e-05,broadband_suppressive,Removing this channel increases P(attended); significant by occlusion only; best band delta may be suppressive/noisy
45,11,T7,Temporal,2.8133907435852803e-06,-0.0001324822499796196,0.0001402998455328705,0.968006398720256,0.968006398720256,0.00021083140446815962,2.583015664124203e-05,0.00041360260748568865,0.02439512097580484,0.04108651953819762,44,facilitatory,10/18,True,alpha,8.534311928087845e-05,4.099276338820346e-05,-0.00010971893789246678,-3.818544064415619e-05,band_selective,Removing this channel reduces P(attended); significant by permutation only; best band alpha may be suppressive/noisy
