channel,electrode_name,roi,occ_rank,is_robust,most_important_band,frequency_contribution_type,delta_dp,delta_ci_lo,delta_ci_hi,theta_dp,theta_ci_lo,theta_ci_hi,alpha_dp,alpha_ci_lo,alpha_ci_hi,beta_dp,beta_ci_lo,beta_ci_hi
14,C4,Central,1,True,theta,broadband_facilitatory,0.00018538860604166985,2.3339736844718584e-05,0.00034201493181171825,0.0004479300987441093,0.00029651157528860496,0.0006008773576468228,0.00041629577754065394,0.00020751771735376696,0.0006168017236632292,0.00035274052061140537,6.250016122066886e-05,0.0006328629242489112
42,FC4,Fronto-Central,2,True,delta,broadband_facilitatory,0.0006651538424193859,0.0005396982567617669,0.0008014162172912619,5.531019269255921e-05,-2.7329350587024196e-05,0.0001359577665425602,0.0001805537467589602,5.815714866912461e-05,0.0003058355847315395,1.4659402040706482e-05,-0.0002099400437145959,0.00024998656153911724
13,Cz,Central,3,True,beta,broadband_facilitatory,0.00031693646451458335,0.00022499485748994633,0.0004131032241275533,0.00021250583813525736,0.00010052999150502729,0.00032444337266497315,0.0001853374851634726,2.626027871883708e-05,0.000344967816636199,0.000503832648973912,0.0002227615019364749,0.0007679851434659211
51,CP4,Centro-Parietal,4,True,beta,broadband_facilitatory,0.00012872797378804535,-4.1902026077877894e-05,0.00030509804419125424,6.799158290959895e-05,-0.0001141164368164027,0.00024064047574938734,0.00023631507065147161,0.00010221653155895184,0.0003778082027565688,0.00029332711710594594,9.496881398263296e-06,0.0005861476136487903
43,FT8,Temporal,5,True,delta,broadband_facilitatory,0.0010410120012238622,0.0008885062154149637,0.001187368354294449,5.697067081200657e-06,-9.207694401993649e-05,0.00010337866206100428,0.00014902649854775518,6.78226117088343e-05,0.00023341175037785414,-0.00011153690866194665,-0.00028379445866448804,5.8328603881818616e-05
8,FC1,Fronto-Central,6,True,delta,broadband_facilitatory,0.0004802321782335639,0.00037749355542473497,0.0005892474480788223,2.457095069985371e-05,-5.8181312670058096e-05,0.00010894858478422963,0.0002327339752810076,9.98826710201684e-05,0.00036563601533998717,0.0002201142197009176,-1.208124685945221e-05,0.00044525589910335826
7,FC5,Fronto-Central,7,True,delta,broadband_facilitatory,0.00028672610642388463,0.00014905824318702806,0.00042114734751521606,0.0002370085276197642,0.00013030492955294905,0.00034053109629894596,0.00016003639029804617,1.7408633493687378e-05,0.00030227671231841663,-4.6385201130760834e-05,-0.000228311385581037,0.00012584047944983463
15,T8,Temporal,8,True,delta,broadband_facilitatory,0.0003183106309734285,0.0001879568935692078,0.0004447265579074155,7.534613541793078e-05,-7.74767522671027e-05,0.0002214346073742485,0.00010645295697031543,2.3051693005982105e-05,0.00018727441383816764,-0.00017147827020380646,-0.00030100931035121893,-3.252658698329482e-05
60,PO4,Parieto-Occipital,9,True,theta,broadband_facilitatory,0.00022637020447291434,0.00012387520000629594,0.00032471529484610055,0.0006789840408600867,0.0005062959418864921,0.0008359129424206913,-0.00013199080422054976,-0.0002093216182402102,-5.585101562246564e-05,6.040010703145526e-06,-0.00014372857185662716,0.0001543880774988791
40,FT7,Temporal,10,True,delta,broadband_facilitatory,0.00039054517401382327,0.00029129021349945107,0.0004864334085141308,2.0594185116351582e-05,-5.9058863917016426e-05,0.00010312745525880014,3.45361877407413e-05,-1.335495335297308e-05,8.462184850941411e-05,1.0748383829195518e-05,-3.38080102665117e-05,5.4328873102349404e-05
41,FC3,Fronto-Central,11,True,delta,broadband_facilitatory,0.00029271841049194336,0.00014177453776937913,0.00044177778254379514,0.00011254323180764914,-8.480534734189853e-06,0.00023253220533661075,4.03149206249509e-05,-2.2340922214425514e-06,8.27160576591268e-05,-5.4097592510515824e-05,-9.231523854396073e-05,-1.545025670566247e-05
50,CPz,Centro-Parietal,12,True,delta,broadband_facilitatory,0.0002806281263474375,0.0001673522398050409,0.0003956838569138198,-9.458705108045251e-07,-9.541460167383772e-05,9.372907334181939e-05,3.5204822779633105e-05,-3.238894969399551e-05,0.00010337388084735717,0.00010804894554894418,-0.0001375851439661346,0.00036742192241945277
54,P1,Parietal,13,True,delta,broadband_facilitatory,0.00031466365908272564,0.00022598200230277145,0.0004000896275101695,-1.583734410814941e-05,-5.600457925538649e-05,2.5431169979128714e-05,0.00011082247510785237,3.236961001675809e-05,0.0001964395574759692,0.00020614212553482503,9.537110327073606e-05,0.00032562024716753507
44,C5,Central,14,True,delta,broadband_facilitatory,0.000249099190114066,0.0001633862517337548,0.0003302754288597498,-0.00011209060903638601,-0.0001573418037878582,-6.626841695833718e-05,1.156600865215296e-05,-1.6659917901051812e-05,3.976328362114145e-05,7.398086017929018e-05,4.2327469145675436e-05,0.00010667335918697061
21,TP10,Temporal,15,True,delta,broadband_facilitatory,0.00019446422811597586,0.00011677254460664702,0.00027383104315958917,-5.0333619583398104e-05,-0.00011555535074876387,1.3709450149690344e-05,0.00019319780403748155,8.091234885796441e-05,0.0002994570240844041,0.00010350328375352547,6.667731906873088e-06,0.00020840347533521706
49,CP3,Centro-Parietal,16,True,beta,broadband_facilitatory,0.00010661039414117113,3.0538904320565065e-05,0.00018696609731705388,-0.00012876177788712084,-0.00018877888433053156,-6.940699749975468e-05,6.886470509925857e-05,-1.0781006608340208e-05,0.0001469393166189547,0.00028270293842069805,0.00013054312803433276,0.0004428269596246533
23,P3,Parietal,17,True,theta,broadband_facilitatory,0.00019877924933098257,6.099519241615783e-05,0.00033719578277668894,0.0004854974686168134,0.0003481838233710732,0.0006205352910910733,8.566214819438756e-05,-2.7653669212668314e-05,0.00019034762408409733,-0.0004687503387685865,-0.0007325185448280535,-0.00020984506118111313
6,F8,Frontal,18,True,delta,band_selective,0.0003749883908312768,0.00028420012313290505,0.00046029515724512745,0.0001488733832957223,5.189998373680284e-05,0.0002459314040606841,-6.62764296066598e-06,-3.998032334493473e-05,3.090451536991153e-05,-2.260755172756035e-05,-6.057847949705319e-05,1.4810827019573382e-05
5,F4,Frontal,19,True,delta,band_selective,0.00038647648761980236,0.0002991361281601712,0.00047262223088182507,-0.00011852230090880767,-0.0001987508625461487,-4.2561073678371057e-05,0.00010230236512143165,5.571852616412798e-05,0.00015309313166653735,-5.410637186287204e-06,-4.91865843287087e-05,3.865107073579565e-05
22,P7,Parietal,21,True,delta,band_selective,0.0003256101917941123,0.00024724427566980017,0.00040215743647422644,5.159922693565022e-06,-4.1489130580885096e-05,5.2506612610159156e-05,-2.1758380626124563e-06,-5.5577175589860414e-05,5.378650494094471e-05,-0.00014592264778912067,-0.00026268052824889303,-2.7514002749740076e-05
27,PO9,Parieto-Occipital,22,True,theta,band_selective,-0.00019977321790065616,-0.0003164082590956241,-8.98922413398396e-05,0.0005353594897314906,0.0004302704670408275,0.0006433591683162375,9.8695199994836e-05,1.961496022886429e-05,0.00017296014921157614,-7.64791839173995e-05,-0.00016313262567564378,4.627069040452625e-06
9,FC2,Fronto-Central,23,True,delta,broadband_facilitatory,0.0003722876717802137,0.00024200088046200113,0.0005036577858845703,-0.00025429113884456456,-0.0003067261823161971,-0.00020141815912211317,4.0228238503914326e-05,1.4450858520831404e-05,6.86418627083185e-05,4.4246960896998644e-05,-3.005352559739549e-05,0.00011613063634285905
39,F6,Frontal,24,True,delta,broadband_facilitatory,0.00011843110405607149,4.207224747005967e-05,0.00019104899656667836,-4.1466944821877405e-05,-9.482426085014595e-05,1.4809632580181642e-05,8.243885531555861e-06,-2.054136602964718e-05,3.815769641732909e-05,0.00010271523933624849,4.563316570056486e-05,0.00016077996770036404
26,P8,Parietal,25,True,delta,band_selective,-0.00021725591795984656,-0.00027637291204882784,-0.00015967650979291652,3.917793947039172e-05,4.5488599553778693e-07,7.937968803162221e-05,-0.00013736401160713285,-0.000194701147484011,-8.273153252957857e-05,-4.289585558581166e-05,-0.00012043845636071636,4.266432706572229e-05
4,Fz,Frontal,27,True,delta,band_selective,0.00023345505178440362,0.00015818519241292961,0.00030806724971625953,-4.55449044238776e-05,-0.00014925730356480925,5.7477231712255075e-05,2.2032871129340492e-05,-1.7655461169852058e-05,6.0953487809456414e-05,-3.146643939544447e-05,-0.00010644613357726484,4.3953904241789096e-05
34,AF4,Frontal,28,True,delta,band_selective,-0.0002073975483654067,-0.0002752684471488464,-0.00013722377552767293,-2.4182731067412533e-05,-5.197398349991999e-05,2.2070228908432522e-06,1.8946591808344238e-05,-7.081384217144657e-06,4.489237899178984e-05,2.2691669073537923e-05,-2.2502324873130414e-05,6.860883531771829e-05
58,PO3,Parieto-Occipital,29,True,beta,broadband_facilitatory,5.792718002339825e-05,-4.674546380556345e-06,0.00011643934285530108,7.900020864326507e-05,4.6080492211331154e-05,0.00011243244098295688,1.9617713405750692e-05,-4.743668851006077e-05,8.398414702242004e-05,9.63329803198576e-05,2.4960360087789015e-05,0.00017377517870045264
20,CP6,Centro-Parietal,30,True,delta,band_selective,-0.00023133096692617983,-0.0003359624577569775,-0.0001221814200107474,-3.7511985283344984e-05,-0.00012050819168507587,4.209292537780121e-05,-7.072186417644843e-05,-0.0001374939231027383,-5.655315055719284e-06,2.8569425012392458e-06,-4.631616084225243e-05,5.349832117644837e-05
30,O2,Occipital,31,True,delta,band_selective,0.00035921356175094843,0.0002992250134411734,0.0004196070396574214,1.2472018170228694e-05,-2.8224618836247826e-05,5.40518120033084e-05,-6.900422158651054e-05,-0.00011858483430842171,-2.0534674149530532e-05,-6.066486093914136e-05,-9.742278343765065e-05,-2.517105026527134e-05
28,O1,Occipital,32,True,delta,broadband_facilitatory,0.00018235176685266197,0.00011128847927466272,0.00025511770218145097,-0.00010010355617851019,-0.0001386241983709624,-6.214970799192093e-05,4.62092793895863e-05,1.1945318556172426e-05,8.131824160955145e-05,2.2898968381923623e-05,-2.397912039668881e-05,7.0109716943989e-05
32,AF7,Frontal,33,True,theta,band_selective,8.269776117231231e-06,-0.00011288790246908318,0.0001319460363447433,-5.0826285587390885e-05,-0.00011194089402124518,1.0859336975954617e-05,6.3609563767386135e-06,-4.652828629332361e-05,5.5340240487566915e-05,-2.804402129186201e-06,-3.742423496078118e-05,3.354208320160975e-05
24,Pz,Parietal,34,True,theta,band_selective,8.915468788472936e-05,2.3095132155503966e-05,0.00015729011029179673,0.00011267165973549709,6.92137960868422e-05,0.00015662037840229458,-0.00010810465755639598,-0.0001660951063968241,-5.110889524075903e-05,-3.467676833679434e-06,-6.970549038669559e-05,6.458382467826592e-05
48,TP7,Temporal,35,True,beta,broadband_facilitatory,8.090199844446033e-05,2.505085749362479e-05,0.00013370045526244203,-2.032455086009577e-05,-5.176997492526425e-05,1.4791533658353669e-05,5.704721115762368e-05,1.2706057987088575e-05,0.00010263566837238612,9.096372377825901e-05,1.96003778910381e-05,0.0001620569950318895
25,P4,Parietal,36,True,delta,band_selective,-0.0002089463669108227,-0.00027520707735675384,-0.0001430296342732618,-4.6793931687716395e-05,-8.842599290801446e-05,-6.385209826476057e-06,4.13712177760317e-06,-5.5650978174526205e-05,6.39410354779101e-05,-2.1782334442832507e-06,-2.4901587403292064e-05,2.0139763955739863e-05
19,CP2,Centro-Parietal,37,True,delta,band_selective,-0.00010214225039817393,-0.0001521350164694013,-4.891748312729764e-05,7.252222076203907e-06,-3.9931104402057814e-05,5.530395628738909e-05,-9.481939196120948e-05,-0.00014067695701669436,-4.834015717278817e-05,-2.8455015126382932e-05,-7.336900325753958e-05,1.850742578426434e-05
0,Fp1,Frontal,38,True,theta,band_selective,-7.599854143336415e-05,-0.00014196761621860786,-4.937051920706085e-06,-9.246522677130997e-05,-0.0001613510165043408,-2.1440603177325132e-05,-7.603795529576018e-05,-0.0001262091038370272,-2.7925019685426382e-05,4.137842552154325e-06,-2.9709715090575607e-05,3.74117928004125e-05
33,AF3,Frontal,39,True,delta,band_selective,-0.0001531940361019224,-0.00022796859848313035,-7.039461615931941e-05,-3.026162085006945e-05,-8.813021504465724e-05,3.0617525044362976e-05,2.1582327462965623e-05,-7.934109430607343e-06,5.0852924414357386e-05,-1.954024628503248e-05,-5.130301033204887e-05,1.2895103054688656e-05
59,POz,Parieto-Occipital,40,True,delta,band_selective,0.00021221341739874333,0.00014281809744716157,0.00028460748653742486,-7.76258239056915e-05,-0.00011627091407717671,-3.817869674094255e-05,1.511070422566263e-05,-1.9275251133876726e-05,4.9438306632509894e-05,-2.4640339688630775e-06,-2.8467904530771194e-05,2.5545835660523134e-05
16,TP9,Temporal,41,True,beta,band_selective,-3.342948548379354e-05,-0.00010289628662576433,3.6477370213106e-05,2.106940337398555e-05,-4.0162769073504e-05,7.936496476759201e-05,-3.0434941891144263e-06,-4.725372100438105e-05,4.31434466008794e-05,0.0001345562923233956,5.587932500930038e-05,0.00021487854428414718
63,M2,Mastoid,43,True,delta,band_selective,-0.0001204424406751059,-0.00015974496709532103,-7.926836206024747e-05,1.6643460185150616e-05,-8.765882967054478e-06,4.324319761508375e-05,-6.573303380719153e-06,-4.7371777964144715e-05,3.125848406853035e-05,-2.8032707632519305e-05,-5.7447974722890645e-05,2.055281748880587e-06
35,AF8,Frontal,44,True,beta,band_selective,5.10103018314112e-05,-1.3058478521088527e-05,0.00011208443756913765,-5.018916635890491e-05,-0.0001014471521557425,5.749471904437046e-06,-1.0963833119603805e-05,-4.1776347643462934e-05,2.2292312223726178e-05,0.00012474542018026114,7.209702089312489e-05,0.00017943958409887272
18,CP1,Centro-Parietal,45,True,alpha,broadband_suppressive,-5.81683634663932e-05,-0.00013733502200921066,2.425181237413198e-05,-6.692634087812621e-06,-4.4478402287495555e-05,3.123431224594241e-05,-0.00012430059723556042,-0.00016684871989127714,-8.268439214589308e-05,-1.6569598301430233e-05,-5.023406329200951e-05,1.710863211883405e-05
29,Oz,Occipital,46,True,delta,broadband_facilitatory,0.00011990947677986696,5.8891729986498857e-05,0.0001817899868910899,-4.968872235622257e-05,-7.373892440227791e-05,-2.5160004634017243e-05,2.91354281216627e-05,-1.8496963463121542e-06,5.951008579359039e-05,2.251135629194323e-05,-5.131395676016818e-06,4.9332803246215914e-05
56,P6,Parietal,52,True,delta,broadband_suppressive,-7.764222391415387e-05,-0.00011973147138633067,-3.735578366104166e-05,-3.0499215426971205e-05,-5.558191642194287e-05,-3.6243360511889644e-06,-4.024273948743939e-06,-3.979252396675292e-05,3.185825480613854e-05,-2.1295834812917747e-05,-5.682573664671508e-05,1.2972974650438043e-05
11,T7,Temporal,56,True,alpha,band_selective,8.534311928087845e-05,2.9558960841313842e-05,0.00014330470003187656,4.099276338820346e-05,-1.8022349695456783e-05,0.00010178871143580181,-0.00010971893789246678,-0.00016026019038690718,-5.9336451704439256e-05,-3.818544064415619e-05,-0.00011394192370062228,3.799221522058358e-05
